Student ID,College Year,List of courses taken,Semesters left to graduate,Number of courses desired,First Choice Course,Second Choice Course,Third Choice Course
828424,Sophomore,"CSC 320, CSC 315",6,2,CSC 335,CSC 435,CSC 360
513006,Junior,"CSC 345, CSC 315, CSC 335, CSC 448, CSC 415, CSC 470",3,0,CSC 425,CSC 355,CSC 320
400599,First year student,"CSC 355, CSC 360",7,2,CSC 350,CSC 448,CSC 315
425980,First year student,"CSC 320, CSC 325",7,0,CSC 470,CSC 360,CSC 427
360932,First year student,"CSC 355, CSC 360",7,0,CSC 315,CSC 345,CSC 380
959857,Junior,"CSC 350, CSC 380, CSC 435, CSC 450, CSC 448",3,1,CSC 315,N/A,CSC 470
309051,Sophomore,"CSC 315, CSC 426, CSC 471",5,2,CSC 450,CSC 345,CSC 425
774574,Senior,"CSC 355, CSC 380, CSC 325, CSC 426, CSC 470, CSC 470",2,2,CSC 320,CSC 445,CSC 345
982051,Senior,"CSC 360, CSC 315, CSC 470, CSC 448, CSC 445",1,0,CSC 471,CSC 320,CSC 427
988099,First year student,"CSC 345, CSC 315",8,2,N/A,CSC 425,CSC 360
473139,Junior,"CSC 325, CSC 380, CSC 435, CSC 415, CSC 425",4,1,CSC 335,CSC 471,N/A
737668,Sophomore,"CSC 355, CSC 445, CSC 425",6,1,CSC 470,CSC 315,CSC 350
680397,Sophomore,"CSC 355, CSC 427, CSC 471",5,0,CSC 435,CSC 448,CSC 450
140257,Senior,"CSC 320, CSC 350, CSC 448, CSC 415, CSC 448, CSC 448",2,0,CSC 380,CSC 426,CSC 355
178844,First year student,"CSC 345, CSC 315",8,2,CSC 350,CSC 415,N/A
528943,First year student,"CSC 355, CSC 335",7,2,CSC 425,CSC 427,CSC 307
129398,First year student,"CSC 320, CSC 360",7,1,N/A,CSC 325,CSC 425
638022,Sophomore,"CSC 325, CSC 435",5,2,CSC 425,CSC 355,CSC 470
265071,Sophomore,"CSC 325, CSC 426",6,0,CSC 450,CSC 315,CSC 427
783882,Senior,"CSC 350, CSC 360, CSC 307, CSC 380, CSC 445, CSC 448, CSC 427",1,1,CSC 325,CSC 345,CSC 415
521803,Senior,"CSC 335, CSC 380, CSC 435, CSC 426, CSC 448, CSC 427",2,0,CSC 315,CSC 350,CSC 415
480187,Senior,"CSC 380, CSC 320, CSC 315, CSC 471, CSC 470, CSC 448",1,1,CSC 355,CSC 445,CSC 426
924232,Senior,"CSC 315, CSC 380, CSC 307, CSC 450, CSC 470, CSC 470",2,2,CSC 427,N/A,CSC 471
333967,Senior,"CSC 355, CSC 355, CSC 325, CSC 426, CSC 425, CSC 427",2,1,CSC 448,CSC 320,N/A
548369,Sophomore,"CSC 315, CSC 426",6,0,CSC 345,CSC 445,CSC 471
744695,Senior,"CSC 315, CSC 380, CSC 470, CSC 448, CSC 415, CSC 426",2,1,CSC 450,N/A,CSC 471
465541,First year student,"CSC 325, CSC 315",8,0,CSC 425,CSC 427,CSC 415
448075,Junior,"CSC 307, CSC 320, CSC 320, CSC 425, CSC 415",3,0,CSC 435,CSC 360,CSC 380
862287,Junior,"CSC 315, CSC 345, CSC 470, CSC 435",4,1,CSC 320,CSC 307,CSC 360
545386,First year student,"CSC 320, CSC 325",7,1,CSC 427,CSC 426,CSC 425
563084,Junior,"CSC 335, CSC 315, CSC 320, CSC 415, CSC 427",4,2,CSC 445,CSC 425,CSC 350
333891,Senior,"CSC 380, CSC 335, CSC 325, CSC 380, CSC 445, CSC 427, CSC 445, CSC 415",2,2,CSC 320,CSC 315,CSC 350
189950,Junior,"CSC 355, CSC 335, CSC 307, CSC 470, CSC 435",4,2,CSC 325,CSC 360,CSC 427
374107,First year student,"CSC 355, CSC 360",7,1,CSC 415,N/A,CSC 445
112600,Junior,"CSC 360, CSC 350, CSC 426, CSC 415",3,2,CSC 307,CSC 425,CSC 471
872551,Senior,"CSC 315, CSC 307, CSC 320, CSC 380, CSC 427, CSC 435, CSC 470",2,1,CSC 350,CSC 335,CSC 360
292787,Sophomore,"CSC 307, CSC 345",6,2,CSC 315,CSC 445,CSC 448
373918,Senior,"CSC 360, CSC 350, CSC 320, CSC 320, CSC 448, CSC 471, CSC 471, CSC 471",1,0,CSC 325,CSC 307,CSC 427
752115,First year student,"CSC 325, CSC 380",7,0,CSC 307,CSC 335,CSC 355
164392,Senior,"CSC 320, CSC 320, CSC 426, CSC 471, CSC 470",2,1,CSC 448,CSC 350,CSC 425
274370,Junior,"CSC 325, CSC 345, CSC 427, CSC 450",3,0,CSC 360,CSC 350,CSC 355
859257,Sophomore,"CSC 335, CSC 470",5,0,CSC 425,N/A,CSC 450
985158,Junior,"CSC 325, CSC 360, CSC 470, CSC 448, CSC 427",3,1,CSC 471,CSC 445,CSC 355
678535,Senior,"CSC 360, CSC 380, CSC 450, CSC 415, CSC 425, CSC 445",1,0,CSC 471,CSC 427,CSC 435
826659,First year student,"CSC 380, CSC 307",7,2,CSC 448,CSC 315,CSC 325
953803,First year student,"CSC 355, CSC 355",7,0,CSC 325,CSC 315,CSC 445
515817,Senior,"CSC 325, CSC 320, CSC 380, CSC 471, CSC 426, CSC 415",2,2,N/A,CSC 448,CSC 425
825850,Sophomore,"CSC 345, CSC 350",5,2,CSC 315,CSC 445,CSC 435
691624,Sophomore,"CSC 355, CSC 360",5,0,CSC 345,CSC 427,CSC 335
743978,Junior,"CSC 350, CSC 380, CSC 315, CSC 470, CSC 427, CSC 448",4,0,CSC 360,CSC 445,CSC 325
187749,Sophomore,"CSC 380, CSC 435, CSC 470",6,2,CSC 320,CSC 325,CSC 345
234894,Junior,"CSC 360, CSC 350, CSC 426, CSC 415",4,1,CSC 425,CSC 345,CSC 380
546882,Senior,"CSC 345, CSC 355, CSC 380, CSC 345, CSC 445, CSC 427, CSC 425",1,1,CSC 470,CSC 315,CSC 471
613200,Sophomore,"CSC 345, CSC 471",5,2,CSC 450,CSC 425,CSC 315
968891,Sophomore,"CSC 335, CSC 448",5,0,CSC 325,CSC 360,CSC 380
344637,Senior,"CSC 380, CSC 320, CSC 315, CSC 471, CSC 470, CSC 448",1,2,CSC 335,CSC 325,CSC 415
990416,Sophomore,"CSC 355, CSC 450",5,1,CSC 445,CSC 427,CSC 335
458352,Senior,"CSC 345, CSC 355, CSC 380, CSC 345, CSC 445, CSC 427, CSC 425",2,2,CSC 435,CSC 448,CSC 360
946993,Senior,"CSC 307, CSC 325, CSC 435, CSC 448, CSC 448",2,2,CSC 450,CSC 415,CSC 425
748221,Sophomore,"CSC 355, CSC 445",5,1,CSC 471,CSC 315,CSC 426
129586,First year student,"CSC 350, CSC 345",7,0,CSC 415,CSC 427,CSC 335
266547,Senior,"CSC 355, CSC 315, CSC 450, CSC 471, CSC 450",1,0,CSC 307,CSC 325,CSC 320
292427,Sophomore,"CSC 320, CSC 315",6,1,CSC 470,CSC 435,CSC 345
350194,First year student,"CSC 345, CSC 355",8,1,CSC 307,CSC 325,CSC 320
134051,Junior,"CSC 325, CSC 345, CSC 350, CSC 426, CSC 426, CSC 470",3,2,CSC 427,CSC 320,CSC 307
758936,Sophomore,"CSC 325, CSC 350, CSC 470",5,2,CSC 425,CSC 355,CSC 320
165571,Junior,"CSC 307, CSC 320, CSC 448, CSC 425",4,0,CSC 450,CSC 360,N/A
256456,Sophomore,"CSC 380, CSC 345",6,1,CSC 450,CSC 427,CSC 325
876529,First year student,"CSC 355, CSC 355",7,1,CSC 335,CSC 380,CSC 426
453276,Senior,"CSC 320, CSC 325, CSC 315, CSC 320, CSC 450, CSC 445, CSC 427, CSC 427",1,2,CSC 435,CSC 350,CSC 307
301104,First year student,"CSC 350, CSC 345",8,0,CSC 445,CSC 325,CSC 360
754514,Senior,"CSC 320, CSC 380, CSC 450, CSC 448, CSC 448",2,0,CSC 315,CSC 335,CSC 345
298807,Junior,"CSC 350, CSC 355, CSC 435, CSC 471, CSC 435",4,0,CSC 415,CSC 427,CSC 307
729526,Senior,"CSC 335, CSC 325, CSC 355, CSC 360, CSC 470, CSC 426, CSC 426",2,0,CSC 307,CSC 448,CSC 350
656725,Sophomore,"CSC 307, CSC 450",6,2,CSC 435,CSC 448,CSC 335
400402,Junior,"CSC 380, CSC 355, CSC 350, CSC 470, CSC 445, CSC 415",4,2,CSC 315,N/A,CSC 325
225636,Junior,"CSC 307, CSC 360, CSC 450, CSC 450",4,1,CSC 471,CSC 448,CSC 435
718939,Sophomore,"CSC 350, CSC 315, CSC 427",5,2,CSC 307,CSC 325,CSC 450
124810,First year student,"CSC 325, CSC 315",7,1,CSC 345,CSC 448,CSC 445
674042,Senior,"CSC 360, CSC 325, CSC 470, CSC 470, CSC 415, CSC 470",2,1,CSC 380,CSC 445,N/A
414195,First year student,"CSC 380, CSC 307",8,2,CSC 320,CSC 450,CSC 360
382830,Senior,"CSC 320, CSC 345, CSC 345, CSC 325, CSC 425, CSC 448, CSC 448",1,1,CSC 380,CSC 415,CSC 315
863165,Sophomore,"CSC 335, CSC 426",5,1,CSC 307,CSC 425,CSC 470
622552,Junior,"CSC 355, CSC 320, CSC 350, CSC 415, CSC 415",3,0,CSC 426,CSC 335,CSC 345
450672,Senior,"CSC 355, CSC 380, CSC 315, CSC 450, CSC 448, CSC 448",1,2,CSC 427,CSC 445,CSC 320
794473,Sophomore,"CSC 355, CSC 427, CSC 471",6,1,CSC 380,CSC 445,CSC 448
364294,Junior,"CSC 315, CSC 350, CSC 448, CSC 425",4,2,CSC 415,CSC 360,CSC 355
564760,First year student,"CSC 355, CSC 360",7,2,CSC 415,CSC 470,CSC 350
689423,First year student,"CSC 355, CSC 360",7,1,CSC 350,CSC 427,CSC 380
878174,Sophomore,"CSC 350, CSC 345",6,1,CSC 360,CSC 307,CSC 445
128364,Junior,"CSC 350, CSC 345, CSC 380, CSC 470, CSC 415, CSC 435",4,1,CSC 335,CSC 427,CSC 307
219274,Junior,"CSC 355, CSC 307, CSC 325, CSC 445, CSC 470",3,1,CSC 450,CSC 315,CSC 350
572526,Senior,"CSC 355, CSC 360, CSC 470, CSC 415, CSC 415",2,2,CSC 427,CSC 350,CSC 471
884440,Sophomore,"CSC 355, CSC 450",5,2,CSC 320,CSC 350,CSC 448
337339,Junior,"CSC 315, CSC 315, CSC 325, CSC 425, CSC 471",3,1,N/A,CSC 450,N/A
507276,First year student,"CSC 345, CSC 350",7,2,CSC 320,CSC 425,CSC 360
554632,Sophomore,"CSC 335, CSC 325",5,1,CSC 425,CSC 345,CSC 320
453748,First year student,"CSC 355, CSC 335",8,2,CSC 320,CSC 435,CSC 360
611029,First year student,"CSC 380, CSC 335",8,1,CSC 471,N/A,CSC 445
212608,Senior,"CSC 335, CSC 325, CSC 355, CSC 360, CSC 470, CSC 426, CSC 426",2,2,CSC 345,CSC 435,N/A
348258,Senior,"CSC 350, CSC 320, CSC 350, CSC 355, CSC 445, CSC 425, CSC 435, CSC 425",2,2,CSC 315,CSC 380,CSC 448
718352,First year student,"CSC 320, CSC 360",7,1,CSC 380,CSC 471,CSC 426
316039,First year student,"CSC 355, CSC 355",7,1,CSC 350,CSC 435,CSC 345
514603,First year student,"CSC 345, CSC 355",7,0,CSC 325,N/A,CSC 470
279277,Sophomore,"CSC 307, CSC 345",6,0,CSC 425,CSC 427,CSC 426
317903,Junior,"CSC 325, CSC 325, CSC 470, CSC 445, CSC 470",4,2,CSC 471,CSC 345,CSC 415
238188,Senior,"CSC 345, CSC 307, CSC 445, CSC 448, CSC 435",1,0,CSC 325,CSC 335,CSC 471
621749,Senior,"CSC 350, CSC 355, CSC 435, CSC 471, CSC 435",2,1,CSC 335,CSC 325,CSC 345
411934,First year student,"CSC 355, CSC 355",7,1,CSC 445,CSC 307,CSC 470
342541,First year student,"CSC 320, CSC 315",8,0,CSC 426,CSC 345,CSC 415
184005,Junior,"CSC 307, CSC 307, CSC 448, CSC 435",4,1,CSC 415,CSC 345,CSC 320
649049,Senior,"CSC 355, CSC 307, CSC 435, CSC 450, CSC 448",2,1,CSC 360,CSC 380,CSC 315
782081,Sophomore,"CSC 320, CSC 426, CSC 470",5,1,CSC 448,CSC 345,N/A
621152,First year student,"CSC 380, CSC 355",7,0,CSC 335,CSC 448,CSC 360
298242,Junior,"CSC 380, CSC 320, CSC 325, CSC 448, CSC 445",4,1,N/A,CSC 427,CSC 450
950539,Sophomore,"CSC 307, CSC 450",6,2,CSC 350,CSC 345,CSC 435
248651,Senior,"CSC 360, CSC 360, CSC 350, CSC 470, CSC 470, CSC 435",1,1,CSC 307,CSC 448,CSC 335
360130,Junior,"CSC 380, CSC 325, CSC 315, CSC 448, CSC 425, CSC 415",3,2,CSC 470,CSC 355,CSC 450
151770,Junior,"CSC 350, CSC 315, CSC 325, CSC 415, CSC 471",3,0,CSC 435,CSC 345,CSC 427
634588,Junior,"CSC 350, CSC 355, CSC 325, CSC 448, CSC 445, CSC 448",3,1,CSC 426,CSC 345,CSC 435
995921,Junior,"CSC 355, CSC 307, CSC 435, CSC 450, CSC 448",4,0,CSC 471,CSC 315,CSC 320
174014,Senior,"CSC 380, CSC 360, CSC 448, CSC 448, CSC 415, CSC 427",2,2,CSC 320,CSC 307,CSC 355
171694,First year student,"CSC 325, CSC 325",8,1,CSC 360,CSC 448,CSC 350
337549,Sophomore,"CSC 335, CSC 325, CSC 435",5,0,CSC 450,CSC 320,CSC 415
738987,Senior,"CSC 320, CSC 350, CSC 380, CSC 350, CSC 471, CSC 415, CSC 425, CSC 471",1,2,CSC 448,CSC 427,CSC 360
488982,Sophomore,"CSC 355, CSC 426, CSC 415",6,1,CSC 471,CSC 427,CSC 435
355465,Sophomore,"CSC 380, CSC 307, CSC 470",5,0,CSC 320,CSC 415,CSC 325
631198,Junior,"CSC 355, CSC 355, CSC 355, CSC 415, CSC 471",4,2,CSC 320,CSC 315,CSC 307
830065,Senior,"CSC 345, CSC 320, CSC 350, CSC 345, CSC 415, CSC 415, CSC 471",2,0,CSC 445,CSC 450,CSC 325
549223,Junior,"CSC 315, CSC 380, CSC 325, CSC 426, CSC 415",4,2,CSC 350,CSC 345,CSC 435
694354,First year student,"CSC 355, CSC 360",7,0,CSC 315,CSC 325,CSC 415
961169,First year student,"CSC 325, CSC 325",7,2,CSC 320,CSC 360,CSC 355
297940,Junior,"CSC 355, CSC 325, CSC 325, CSC 471, CSC 470",4,0,CSC 445,CSC 380,CSC 425
206606,Senior,"CSC 350, CSC 380, CSC 380, CSC 450, CSC 426, CSC 426",2,2,CSC 355,CSC 315,CSC 445
779970,Sophomore,"CSC 345, CSC 471",6,2,N/A,CSC 380,CSC 450
462347,Junior,"CSC 345, CSC 345, CSC 345, CSC 427, CSC 415, CSC 448",3,0,CSC 355,CSC 425,CSC 470
783754,First year student,"CSC 355, CSC 325",8,0,CSC 360,CSC 435,CSC 450
681542,Junior,"CSC 355, CSC 325, CSC 325, CSC 471, CSC 470",3,0,CSC 350,N/A,CSC 427
186287,Junior,"CSC 345, CSC 355, CSC 350, CSC 426, CSC 448, CSC 448",4,2,CSC 315,CSC 435,CSC 470
727981,Sophomore,"CSC 355, CSC 360",6,0,N/A,CSC 470,CSC 325
713528,First year student,"CSC 320, CSC 325",8,0,CSC 445,CSC 315,CSC 448
435358,Senior,"CSC 360, CSC 360, CSC 350, CSC 470, CSC 470, CSC 435",2,2,CSC 415,CSC 471,CSC 380
157659,Sophomore,"CSC 315, CSC 426, CSC 471",6,2,N/A,CSC 350,CSC 425
157197,Junior,"CSC 325, CSC 335, CSC 360, CSC 415, CSC 427, CSC 450",3,0,CSC 435,CSC 470,CSC 426
203111,Senior,"CSC 320, CSC 350, CSC 360, CSC 307, CSC 426, CSC 471, CSC 426, CSC 415",2,1,CSC 335,CSC 345,CSC 325
517593,Junior,"CSC 345, CSC 345, CSC 335, CSC 427, CSC 415, CSC 448",4,2,CSC 425,CSC 450,CSC 350
230264,Sophomore,"CSC 350, CSC 345",5,2,CSC 355,CSC 427,CSC 425
719336,Sophomore,"CSC 345, CSC 350",6,1,CSC 360,CSC 427,CSC 448
272893,Senior,"CSC 335, CSC 380, CSC 435, CSC 426, CSC 448, CSC 427",2,1,CSC 425,N/A,CSC 350
892609,Junior,"CSC 355, CSC 360, CSC 470, CSC 415, CSC 415",4,0,CSC 427,CSC 345,CSC 445
984125,First year student,"CSC 355, CSC 325",8,0,CSC 450,CSC 320,CSC 315
292647,Senior,"CSC 320, CSC 360, CSC 335, CSC 360, CSC 445, CSC 426, CSC 425",2,2,CSC 471,CSC 427,CSC 380
480394,First year student,"CSC 325, CSC 325",7,0,CSC 380,CSC 350,CSC 427
177983,Sophomore,"CSC 335, CSC 426",5,2,CSC 470,CSC 380,CSC 445
636354,First year student,"CSC 350, CSC 345",8,1,CSC 415,CSC 425,CSC 471
600601,Senior,"CSC 320, CSC 350, CSC 360, CSC 307, CSC 426, CSC 471, CSC 426, CSC 415",2,1,CSC 450,CSC 435,CSC 470
678040,First year student,"CSC 355, CSC 335",7,0,CSC 415,CSC 425,CSC 471
703457,Sophomore,"CSC 380, CSC 307, CSC 470",5,1,CSC 315,CSC 435,CSC 325
483010,Junior,"CSC 355, CSC 320, CSC 350, CSC 415, CSC 415",4,1,N/A,CSC 471,CSC 470
335703,Senior,"CSC 350, CSC 320, CSC 350, CSC 355, CSC 445, CSC 425, CSC 435, CSC 425",1,1,CSC 335,CSC 345,CSC 307
849926,Senior,"CSC 320, CSC 350, CSC 335, CSC 315, CSC 445, CSC 435, CSC 435",1,0,CSC 355,CSC 325,N/A
693275,Senior,"CSC 307, CSC 335, CSC 320, CSC 320, CSC 427, CSC 450, CSC 471",1,0,N/A,CSC 426,CSC 470
194411,Senior,"CSC 307, CSC 350, CSC 380, CSC 355, CSC 425, CSC 450, CSC 425, CSC 415",2,1,CSC 345,CSC 315,CSC 360
669117,Sophomore,"CSC 320, CSC 315",6,2,CSC 427,CSC 307,CSC 425
913362,Sophomore,"CSC 320, CSC 325",5,0,CSC 335,CSC 470,N/A
572003,Senior,"CSC 315, CSC 307, CSC 320, CSC 380, CSC 427, CSC 435, CSC 470",2,2,CSC 325,CSC 471,CSC 335
125225,Junior,"CSC 335, CSC 315, CSC 320, CSC 415, CSC 427",4,1,CSC 355,CSC 350,CSC 307
821220,Junior,"CSC 355, CSC 307, CSC 450, CSC 415",3,2,CSC 426,N/A,CSC 471
714237,Sophomore,"CSC 307, CSC 445",5,0,CSC 427,CSC 426,CSC 335
231521,Senior,"CSC 320, CSC 350, CSC 448, CSC 415, CSC 448, CSC 448",1,1,CSC 427,CSC 360,CSC 470
462571,Junior,"CSC 350, CSC 320, CSC 415, CSC 471, CSC 470",4,2,CSC 427,CSC 448,CSC 426
729689,Junior,"CSC 355, CSC 307, CSC 325, CSC 445, CSC 470",4,2,CSC 426,CSC 350,CSC 415
842107,First year student,"CSC 335, CSC 325",8,2,CSC 470,CSC 435,N/A
662007,Junior,"CSC 350, CSC 350, CSC 325, CSC 426, CSC 425, CSC 415",4,1,CSC 380,CSC 315,CSC 470
428764,Sophomore,"CSC 315, CSC 427",6,2,CSC 470,CSC 426,CSC 320
690374,Senior,"CSC 355, CSC 355, CSC 307, CSC 470, CSC 470, CSC 415",1,0,CSC 426,CSC 435,CSC 427
238121,Senior,"CSC 360, CSC 350, CSC 315, CSC 471, CSC 426, CSC 435",1,0,CSC 415,CSC 425,CSC 380
711208,Sophomore,"CSC 307, CSC 445",5,2,CSC 426,CSC 415,CSC 380
732808,Junior,"CSC 307, CSC 360, CSC 450, CSC 450",3,0,CSC 380,CSC 350,CSC 445
447659,First year student,"CSC 325, CSC 325",7,0,CSC 445,CSC 425,CSC 320
761411,Senior,"CSC 380, CSC 335, CSC 448, CSC 470, CSC 426, CSC 435",1,1,CSC 415,CSC 450,CSC 360
558196,Junior,"CSC 307, CSC 325, CSC 435, CSC 448, CSC 448",3,2,CSC 335,CSC 380,CSC 425
872920,Senior,"CSC 350, CSC 350, CSC 380, CSC 320, CSC 427, CSC 448, CSC 471, CSC 426",2,2,CSC 315,CSC 325,CSC 335
822734,Senior,"CSC 315, CSC 380, CSC 307, CSC 450, CSC 470, CSC 470",1,0,CSC 448,CSC 426,N/A
934147,Senior,"CSC 335, CSC 355, CSC 427, CSC 448, CSC 445, CSC 470",1,0,CSC 450,CSC 320,CSC 360
848431,Junior,"CSC 335, CSC 380, CSC 315, CSC 427, CSC 425, CSC 415",4,2,CSC 448,CSC 350,N/A
831143,Sophomore,"CSC 320, CSC 450",6,0,CSC 345,CSC 360,CSC 448
607065,Sophomore,"CSC 315, CSC 426, CSC 471",5,2,CSC 425,CSC 355,CSC 380
533212,Junior,"CSC 345, CSC 355, CSC 350, CSC 426, CSC 448, CSC 448",3,1,CSC 450,N/A,CSC 470
998983,First year student,"CSC 355, CSC 360",8,2,CSC 380,CSC 335,CSC 426
830584,First year student,"CSC 307, CSC 345",7,1,CSC 415,CSC 355,CSC 320
558624,Junior,"CSC 380, CSC 335, CSC 335, CSC 426, CSC 415, CSC 470",4,0,CSC 315,CSC 320,CSC 307
767005,Senior,"CSC 380, CSC 315, CSC 307, CSC 335, CSC 427, CSC 450, CSC 471",2,1,CSC 345,CSC 425,CSC 350
778072,First year student,"CSC 325, CSC 380",8,0,CSC 448,CSC 415,CSC 350
735776,Sophomore,"CSC 325, CSC 315",6,1,CSC 355,CSC 380,CSC 435
854809,Sophomore,"CSC 360, CSC 307, CSC 470",5,0,CSC 425,CSC 415,CSC 471
742442,Senior,"CSC 335, CSC 355, CSC 427, CSC 448, CSC 445, CSC 470",2,1,CSC 315,CSC 320,CSC 450
782060,Sophomore,"CSC 335, CSC 470",5,2,CSC 320,CSC 435,CSC 325
749160,Sophomore,"CSC 345, CSC 315, CSC 435",5,1,CSC 470,CSC 350,CSC 360
125969,Junior,"CSC 350, CSC 335, CSC 315, CSC 426, CSC 450",3,2,CSC 355,CSC 307,CSC 448
166066,Senior,"CSC 360, CSC 307, CSC 360, CSC 307, CSC 426, CSC 450, CSC 470, CSC 471",2,2,CSC 320,CSC 335,CSC 345
897195,First year student,"CSC 325, CSC 325",7,0,CSC 450,CSC 415,CSC 345
837108,Senior,"CSC 355, CSC 360, CSC 470, CSC 415, CSC 415",2,0,CSC 345,CSC 471,CSC 448
730807,First year student,"CSC 350, CSC 345",8,2,CSC 355,CSC 471,CSC 435
504903,Junior,"CSC 325, CSC 355, CSC 360, CSC 425, CSC 470",3,0,CSC 471,CSC 345,CSC 450
249047,Senior,"CSC 320, CSC 325, CSC 315, CSC 320, CSC 450, CSC 445, CSC 427, CSC 427",2,2,CSC 360,CSC 380,CSC 426
228513,Sophomore,"CSC 355, CSC 320, CSC 427",6,2,CSC 450,CSC 426,CSC 315
598021,Senior,"CSC 350, CSC 335, CSC 320, CSC 325, CSC 435, CSC 427, CSC 448",2,0,CSC 471,CSC 426,CSC 360
574711,First year student,"CSC 380, CSC 307",8,0,CSC 427,CSC 355,CSC 470
484399,Senior,"CSC 380, CSC 335, CSC 325, CSC 380, CSC 445, CSC 427, CSC 445, CSC 415",2,0,CSC 350,CSC 426,CSC 360
256554,First year student,"CSC 320, CSC 315",7,0,CSC 426,CSC 380,CSC 450
352380,Junior,"CSC 325, CSC 345, CSC 380, CSC 445, CSC 470, CSC 415",3,2,CSC 427,CSC 350,CSC 360
846900,Sophomore,"CSC 307, CSC 427, CSC 471",6,0,CSC 335,CSC 425,CSC 450
188685,Junior,"CSC 355, CSC 320, CSC 350, CSC 415, CSC 415",4,0,CSC 345,CSC 426,CSC 315
739145,Junior,"CSC 307, CSC 325, CSC 435, CSC 448, CSC 448",4,0,CSC 415,CSC 380,CSC 355
174459,First year student,"CSC 320, CSC 360",8,1,CSC 415,CSC 350,CSC 425
378732,First year student,"CSC 355, CSC 325",7,2,CSC 345,CSC 335,CSC 471
740110,First year student,"CSC 325, CSC 325",8,2,CSC 470,CSC 320,CSC 355
870022,Senior,"CSC 350, CSC 380, CSC 380, CSC 450, CSC 426, CSC 426",2,1,CSC 425,CSC 345,CSC 315
374028,Sophomore,"CSC 335, CSC 320, CSC 470",5,0,CSC 435,CSC 426,CSC 448
303678,First year student,"CSC 355, CSC 355",8,1,CSC 426,CSC 415,CSC 470
382991,Junior,"CSC 380, CSC 320, CSC 325, CSC 448, CSC 445",3,1,CSC 335,CSC 450,CSC 315
369482,Senior,"CSC 350, CSC 360, CSC 320, CSC 380, CSC 415, CSC 426, CSC 426",2,1,CSC 307,CSC 325,CSC 355
242615,Junior,"CSC 315, CSC 335, CSC 471, CSC 450",4,0,CSC 325,CSC 445,CSC 470
452354,First year student,"CSC 325, CSC 380",7,0,CSC 471,CSC 350,CSC 427
183547,Sophomore,"CSC 335, CSC 345, CSC 471",6,1,CSC 450,CSC 425,CSC 380
773810,Sophomore,"CSC 355, CSC 445",5,0,CSC 360,CSC 426,CSC 425
943868,Sophomore,"CSC 320, CSC 450",6,2,CSC 427,CSC 425,CSC 360
981635,Senior,"CSC 320, CSC 350, CSC 360, CSC 307, CSC 426, CSC 471, CSC 426, CSC 415",1,0,CSC 325,CSC 427,CSC 435
463498,Senior,"CSC 380, CSC 315, CSC 320, CSC 307, CSC 448, CSC 448, CSC 435, CSC 426",1,1,CSC 415,CSC 445,CSC 470
145532,Sophomore,"CSC 307, CSC 415, CSC 415",6,0,CSC 435,CSC 426,CSC 425
175954,Senior,"CSC 345, CSC 307, CSC 445, CSC 448, CSC 435",1,2,CSC 427,CSC 426,N/A
918830,Sophomore,"CSC 360, CSC 307, CSC 448",5,2,CSC 470,CSC 350,CSC 415
315118,Junior,"CSC 355, CSC 307, CSC 470, CSC 470, CSC 445",4,0,CSC 345,CSC 350,CSC 450
906444,Sophomore,"CSC 355, CSC 445, CSC 425",5,2,CSC 427,CSC 350,CSC 435
339880,Junior,"CSC 325, CSC 360, CSC 470, CSC 448, CSC 427",3,0,CSC 320,CSC 450,CSC 426
740856,Junior,"CSC 320, CSC 320, CSC 448, CSC 426, CSC 425",3,2,CSC 435,CSC 470,CSC 471
603015,First year student,"CSC 350, CSC 345",7,1,CSC 427,CSC 435,CSC 355
581296,First year student,"CSC 355, CSC 325",7,1,N/A,CSC 448,CSC 450
427364,First year student,"CSC 355, CSC 335",7,0,CSC 350,CSC 471,CSC 435
466017,Junior,"CSC 325, CSC 380, CSC 435, CSC 415, CSC 425",3,2,CSC 307,CSC 320,CSC 360
640145,Junior,"CSC 315, CSC 360, CSC 427, CSC 427",4,1,CSC 425,CSC 470,CSC 350
630251,Sophomore,"CSC 335, CSC 415, CSC 448",6,0,CSC 325,CSC 307,CSC 426
934711,Senior,"CSC 320, CSC 335, CSC 350, CSC 325, CSC 427, CSC 471, CSC 435",1,2,CSC 450,CSC 415,CSC 380
663276,Junior,"CSC 355, CSC 320, CSC 350, CSC 415, CSC 415",4,2,CSC 435,CSC 445,CSC 315
438193,Sophomore,"CSC 335, CSC 435",6,0,CSC 320,CSC 445,CSC 350
453270,First year student,"CSC 355, CSC 325",8,1,CSC 307,CSC 380,CSC 415
301765,Sophomore,"CSC 325, CSC 350, CSC 470",6,0,CSC 427,CSC 320,CSC 380
613276,Senior,"CSC 325, CSC 360, CSC 427, CSC 435, CSC 425, CSC 427",2,1,CSC 345,CSC 426,CSC 320
824103,First year student,"CSC 307, CSC 345",7,0,CSC 380,CSC 471,CSC 426
420242,Senior,"CSC 335, CSC 325, CSC 355, CSC 360, CSC 470, CSC 426, CSC 426",1,2,N/A,CSC 448,CSC 315
838270,Junior,"CSC 350, CSC 355, CSC 470, CSC 471, CSC 427",4,2,CSC 448,CSC 315,CSC 450
490980,First year student,"CSC 350, CSC 345",8,0,CSC 435,CSC 426,CSC 360
152422,Sophomore,"CSC 307, CSC 450",6,0,CSC 320,CSC 415,CSC 435
663078,Senior,"CSC 355, CSC 355, CSC 307, CSC 470, CSC 470, CSC 415",2,2,CSC 320,N/A,CSC 450
430435,First year student,"CSC 345, CSC 350",8,2,CSC 435,CSC 355,CSC 360
294936,First year student,"CSC 325, CSC 380",8,1,CSC 415,CSC 470,CSC 435
192449,First year student,"CSC 380, CSC 355",7,0,CSC 425,CSC 445,CSC 307
707193,Senior,"CSC 355, CSC 307, CSC 435, CSC 450, CSC 448",1,1,CSC 360,CSC 350,CSC 325
128498,Junior,"CSC 355, CSC 355, CSC 320, CSC 415, CSC 471",4,2,N/A,CSC 307,CSC 335
214784,First year student,"CSC 380, CSC 335",7,1,CSC 450,CSC 445,CSC 425
237324,Senior,"CSC 360, CSC 350, CSC 315, CSC 471, CSC 426, CSC 435",2,2,CSC 415,CSC 427,CSC 470
601245,First year student,"CSC 350, CSC 345",8,2,CSC 320,CSC 355,CSC 427
312801,Senior,"CSC 355, CSC 380, CSC 325, CSC 426, CSC 470, CSC 470",2,0,CSC 350,CSC 415,CSC 315
772443,Sophomore,"CSC 355, CSC 445, CSC 425",5,1,CSC 360,N/A,CSC 448
548494,Sophomore,"CSC 307, CSC 380, CSC 445",5,0,CSC 350,N/A,CSC 325
774554,Senior,"CSC 307, CSC 350, CSC 350, CSC 325, CSC 426, CSC 425, CSC 427, CSC 427",2,2,CSC 435,CSC 380,CSC 320
207041,Junior,"CSC 325, CSC 380, CSC 448, CSC 435",4,2,CSC 415,CSC 471,CSC 426
672147,Junior,"CSC 315, CSC 335, CSC 427, CSC 425",3,0,CSC 307,CSC 448,CSC 325
331340,Senior,"CSC 315, CSC 380, CSC 307, CSC 450, CSC 470, CSC 470",2,1,CSC 427,CSC 350,CSC 445
878933,Junior,"CSC 325, CSC 325, CSC 325, CSC 415, CSC 470",4,0,CSC 345,CSC 445,CSC 380
274547,First year student,"CSC 320, CSC 325",7,1,N/A,CSC 470,N/A
456438,Sophomore,"CSC 355, CSC 360",6,1,CSC 470,CSC 450,CSC 335
156343,Sophomore,"CSC 380, CSC 427, CSC 426",6,1,CSC 355,CSC 425,CSC 335
487915,First year student,"CSC 350, CSC 345",8,2,CSC 360,CSC 320,CSC 450
582766,First year student,"CSC 355, CSC 355",8,2,CSC 320,CSC 450,CSC 426
878708,Junior,"CSC 335, CSC 315, CSC 350, CSC 415, CSC 415, CSC 450",3,1,CSC 435,CSC 325,CSC 448
934850,Senior,"CSC 350, CSC 380, CSC 380, CSC 450, CSC 426, CSC 426",2,2,CSC 320,CSC 345,CSC 470
115930,First year student,"CSC 320, CSC 315",8,0,CSC 435,CSC 471,CSC 380
564550,Junior,"CSC 360, CSC 320, CSC 427, CSC 450",3,2,CSC 425,CSC 448,CSC 345
116404,Senior,"CSC 335, CSC 360, CSC 325, CSC 425, CSC 425, CSC 427",2,1,CSC 448,CSC 315,CSC 355
792648,Senior,"CSC 350, CSC 380, CSC 380, CSC 450, CSC 426, CSC 426",2,0,CSC 320,N/A,CSC 335
528547,Senior,"CSC 360, CSC 307, CSC 415, CSC 427, CSC 426, CSC 471",2,1,N/A,CSC 445,N/A
619862,Senior,"CSC 360, CSC 380, CSC 315, CSC 320, CSC 426, CSC 471, CSC 450, CSC 445",1,2,CSC 427,CSC 345,CSC 325
613721,Sophomore,"CSC 325, CSC 307, CSC 415",6,2,CSC 426,N/A,CSC 445
992941,Junior,"CSC 350, CSC 380, CSC 315, CSC 470, CSC 427, CSC 448",4,0,CSC 435,CSC 325,CSC 450
755130,Junior,"CSC 320, CSC 380, CSC 335, CSC 445, CSC 450, CSC 415",3,2,CSC 425,CSC 360,CSC 470
761478,Sophomore,"CSC 320, CSC 450",6,0,CSC 315,CSC 415,CSC 345
787334,Junior,"CSC 345, CSC 345, CSC 471, CSC 450",3,1,CSC 380,CSC 427,CSC 315
760933,Senior,"CSC 320, CSC 350, CSC 360, CSC 307, CSC 426, CSC 471, CSC 426, CSC 415",2,1,CSC 335,CSC 445,CSC 315
685220,Senior,"CSC 380, CSC 360, CSC 325, CSC 426, CSC 450, CSC 425",1,1,CSC 427,CSC 470,N/A
320127,Sophomore,"CSC 325, CSC 320, CSC 450",6,1,CSC 345,CSC 445,CSC 315
263814,Sophomore,"CSC 335, CSC 307, CSC 448",6,0,CSC 426,CSC 320,CSC 345
904411,Senior,"CSC 380, CSC 355, CSC 320, CSC 380, CSC 415, CSC 426, CSC 427",2,0,N/A,CSC 448,CSC 307
306674,Junior,"CSC 355, CSC 307, CSC 325, CSC 445, CSC 470",4,1,CSC 380,CSC 425,CSC 345
627890,Sophomore,"CSC 307, CSC 445, CSC 435",5,1,CSC 320,CSC 471,CSC 425
689186,Senior,"CSC 315, CSC 315, CSC 380, CSC 427, CSC 415, CSC 450",1,1,CSC 426,N/A,CSC 355
505059,Senior,"CSC 320, CSC 350, CSC 380, CSC 350, CSC 471, CSC 415, CSC 425, CSC 471",2,0,CSC 427,CSC 470,CSC 445
382671,Senior,"CSC 380, CSC 335, CSC 448, CSC 470, CSC 426, CSC 435",2,2,CSC 427,CSC 325,CSC 450
979954,Sophomore,"CSC 335, CSC 307, CSC 448",5,1,CSC 445,CSC 426,CSC 360
587171,First year student,"CSC 355, CSC 355",7,1,N/A,N/A,CSC 415
581097,Senior,"CSC 360, CSC 360, CSC 425, CSC 470, CSC 470",2,0,CSC 355,CSC 325,CSC 450
841794,First year student,"CSC 355, CSC 355",7,0,CSC 427,CSC 448,CSC 445
833621,Sophomore,"CSC 355, CSC 335",5,1,CSC 471,CSC 350,CSC 470
669657,Sophomore,"CSC 307, CSC 345",6,2,CSC 427,CSC 325,CSC 335
402197,Senior,"CSC 315, CSC 350, CSC 315, CSC 307, CSC 445, CSC 448, CSC 415, CSC 435",1,2,CSC 426,CSC 450,CSC 355
253985,First year student,"CSC 355, CSC 355",8,2,N/A,CSC 427,CSC 335
502582,Junior,"CSC 320, CSC 345, CSC 360, CSC 415, CSC 471, CSC 448",4,1,CSC 325,CSC 450,CSC 307
205637,First year student,"CSC 355, CSC 325",7,2,CSC 425,CSC 320,CSC 315
461266,Senior,"CSC 307, CSC 360, CSC 350, CSC 427, CSC 470, CSC 435",2,0,CSC 325,CSC 335,CSC 415
233551,Senior,"CSC 360, CSC 307, CSC 471, CSC 470, CSC 448, CSC 445",1,1,CSC 380,CSC 335,CSC 350
401111,First year student,"CSC 320, CSC 360",8,1,CSC 425,CSC 315,CSC 355
245451,Junior,"CSC 307, CSC 345, CSC 450, CSC 426",4,0,CSC 335,CSC 360,CSC 435
786282,Sophomore,"CSC 335, CSC 325",5,2,CSC 350,CSC 320,CSC 435
665644,First year student,"CSC 345, CSC 315",7,0,CSC 335,CSC 350,CSC 470
934960,Junior,"CSC 350, CSC 350, CSC 325, CSC 426, CSC 425, CSC 415",4,0,CSC 450,CSC 315,CSC 427
323936,Junior,"CSC 307, CSC 315, CSC 307, CSC 435, CSC 435",3,2,CSC 470,CSC 448,N/A
666538,First year student,"CSC 325, CSC 315",8,2,CSC 320,CSC 445,CSC 355
475254,Sophomore,"CSC 380, CSC 471, CSC 435",5,1,CSC 350,CSC 360,CSC 448
661883,Sophomore,"CSC 345, CSC 415",6,2,CSC 450,N/A,CSC 355
444390,First year student,"CSC 380, CSC 355",7,2,CSC 435,CSC 427,CSC 425
973210,Senior,"CSC 380, CSC 307, CSC 450, CSC 470, CSC 448, CSC 415",2,2,CSC 320,CSC 360,CSC 435
539934,Sophomore,"CSC 315, CSC 425",6,2,CSC 427,CSC 325,CSC 450
971788,Senior,"CSC 380, CSC 335, CSC 448, CSC 470, CSC 426, CSC 435",2,1,N/A,CSC 445,CSC 345
961593,Junior,"CSC 350, CSC 355, CSC 427, CSC 415, CSC 470",4,2,CSC 426,CSC 325,CSC 425
639935,Senior,"CSC 380, CSC 355, CSC 315, CSC 470, CSC 426, CSC 470",2,0,CSC 325,CSC 415,CSC 320
133024,Sophomore,"CSC 320, CSC 426, CSC 470",5,2,CSC 415,CSC 435,CSC 448
181886,Junior,"CSC 335, CSC 380, CSC 315, CSC 427, CSC 425, CSC 415",4,2,CSC 470,CSC 445,CSC 355
875637,Sophomore,"CSC 355, CSC 445",5,1,CSC 450,CSC 307,CSC 345
184186,Senior,"CSC 350, CSC 335, CSC 448, CSC 470, CSC 435, CSC 470",1,0,CSC 320,CSC 355,CSC 426
322577,First year student,"CSC 320, CSC 360",8,1,CSC 445,CSC 350,CSC 471
251366,Sophomore,"CSC 320, CSC 445, CSC 415",5,0,N/A,CSC 345,CSC 315
472927,Junior,"CSC 335, CSC 380, CSC 315, CSC 427, CSC 425, CSC 415",4,2,CSC 471,CSC 360,N/A
608396,First year student,"CSC 345, CSC 350",7,2,CSC 448,N/A,CSC 325
674928,Sophomore,"CSC 307, CSC 415, CSC 425",5,0,CSC 360,CSC 320,CSC 350
712423,Sophomore,"CSC 325, CSC 426",6,0,CSC 415,N/A,CSC 427
787930,Junior,"CSC 350, CSC 315, CSC 325, CSC 415, CSC 471",3,2,CSC 427,CSC 470,CSC 345
462986,Junior,"CSC 315, CSC 345, CSC 470, CSC 435",3,1,CSC 335,CSC 380,CSC 450
738991,First year student,"CSC 320, CSC 315",8,2,CSC 345,CSC 445,CSC 426
561282,Senior,"CSC 355, CSC 335, CSC 380, CSC 450, CSC 445, CSC 415",2,0,CSC 320,CSC 448,CSC 426
772729,Junior,"CSC 325, CSC 380, CSC 435, CSC 415, CSC 425",3,1,CSC 345,CSC 355,N/A
474763,Sophomore,"CSC 350, CSC 307, CSC 445",6,0,CSC 360,CSC 426,CSC 425
936144,Senior,"CSC 350, CSC 335, CSC 345, CSC 315, CSC 427, CSC 448, CSC 448",2,0,N/A,CSC 450,N/A
902958,Sophomore,"CSC 350, CSC 345, CSC 435",5,2,CSC 426,CSC 445,CSC 355
971452,Junior,"CSC 355, CSC 355, CSC 320, CSC 415, CSC 471",4,1,CSC 427,CSC 350,CSC 325
496976,Sophomore,"CSC 320, CSC 426",6,0,CSC 448,CSC 315,N/A
166417,First year student,"CSC 325, CSC 325",7,0,CSC 470,CSC 450,CSC 307
245323,First year student,"CSC 325, CSC 325",8,2,CSC 426,CSC 445,CSC 427
355419,First year student,"CSC 350, CSC 345",7,1,CSC 307,CSC 450,CSC 380
780318,Senior,"CSC 335, CSC 380, CSC 427, CSC 435, CSC 425, CSC 427",1,0,CSC 325,CSC 320,CSC 345
258382,Senior,"CSC 355, CSC 350, CSC 320, CSC 470, CSC 426, CSC 426",1,2,CSC 415,CSC 307,CSC 445
125649,Junior,"CSC 355, CSC 380, CSC 320, CSC 448, CSC 427",3,2,CSC 470,CSC 415,CSC 325
633677,First year student,"CSC 355, CSC 360",8,0,CSC 445,CSC 315,CSC 345
727027,Junior,"CSC 350, CSC 355, CSC 470, CSC 471, CSC 427",4,1,CSC 315,CSC 307,CSC 435
768145,Junior,"CSC 307, CSC 320, CSC 320, CSC 425, CSC 415",4,1,N/A,CSC 445,CSC 435
927519,Junior,"CSC 325, CSC 380, CSC 325, CSC 471, CSC 470",4,2,CSC 355,CSC 435,CSC 448
783948,First year student,"CSC 345, CSC 355",7,2,CSC 415,CSC 335,CSC 470
731923,Sophomore,"CSC 335, CSC 426",6,2,CSC 427,CSC 355,CSC 325
458400,Sophomore,"CSC 335, CSC 345, CSC 471",5,1,CSC 470,CSC 427,N/A
633088,First year student,"CSC 335, CSC 325",7,0,N/A,N/A,CSC 350
810343,Sophomore,"CSC 380, CSC 307",5,2,CSC 426,CSC 355,CSC 445
470317,Senior,"CSC 320, CSC 335, CSC 350, CSC 325, CSC 427, CSC 471, CSC 435",2,0,CSC 415,CSC 426,CSC 450
395135,First year student,"CSC 307, CSC 345",8,2,CSC 335,CSC 355,CSC 350
642218,Junior,"CSC 345, CSC 355, CSC 350, CSC 426, CSC 448, CSC 448",3,2,CSC 307,CSC 471,CSC 320
982601,First year student,"CSC 350, CSC 345",8,1,CSC 435,CSC 315,CSC 360
208720,First year student,"CSC 345, CSC 350",8,0,CSC 425,CSC 315,N/A
700831,Sophomore,"CSC 320, CSC 325",6,1,CSC 470,CSC 448,CSC 450
895063,Sophomore,"CSC 320, CSC 470",5,1,CSC 450,CSC 325,CSC 435
676130,Junior,"CSC 355, CSC 380, CSC 355, CSC 448, CSC 471",3,2,CSC 426,CSC 325,N/A
919461,Junior,"CSC 307, CSC 380, CSC 355, CSC 435, CSC 471",4,1,CSC 315,CSC 350,CSC 345
639654,Junior,"CSC 325, CSC 380, CSC 448, CSC 435",4,1,CSC 425,CSC 426,CSC 320
742431,First year student,"CSC 320, CSC 360",7,1,CSC 427,CSC 380,CSC 315
181506,Senior,"CSC 335, CSC 345, CSC 471, CSC 426, CSC 448, CSC 435",1,0,CSC 415,CSC 427,CSC 445
290389,Junior,"CSC 360, CSC 315, CSC 470, CSC 448, CSC 445",4,0,CSC 320,CSC 345,CSC 427
812112,First year student,"CSC 355, CSC 325",7,1,CSC 470,CSC 450,CSC 426
628852,Junior,"CSC 325, CSC 355, CSC 360, CSC 425, CSC 470",4,0,CSC 426,CSC 350,CSC 471
864633,Junior,"CSC 325, CSC 380, CSC 435, CSC 415, CSC 425",3,2,CSC 335,CSC 426,CSC 471
128978,First year student,"CSC 380, CSC 335",8,1,CSC 360,CSC 470,CSC 471
787813,Senior,"CSC 307, CSC 380, CSC 315, CSC 470, CSC 470, CSC 415",1,2,CSC 450,CSC 345,CSC 350
743471,Junior,"CSC 355, CSC 307, CSC 450, CSC 415",3,0,CSC 425,N/A,CSC 380
891769,Junior,"CSC 320, CSC 345, CSC 360, CSC 415, CSC 471, CSC 448",4,2,CSC 315,CSC 307,CSC 426
299362,Sophomore,"CSC 380, CSC 355",5,1,CSC 450,CSC 345,CSC 320
883496,Junior,"CSC 355, CSC 360, CSC 435, CSC 450, CSC 426",4,0,CSC 470,CSC 307,CSC 335
748180,Junior,"CSC 355, CSC 380, CSC 320, CSC 448, CSC 427",4,0,CSC 315,N/A,CSC 445
491138,Sophomore,"CSC 380, CSC 415, CSC 425",6,1,CSC 445,CSC 470,CSC 315
652653,Senior,"CSC 307, CSC 380, CSC 315, CSC 470, CSC 470, CSC 415",2,0,CSC 450,CSC 350,N/A
423769,Junior,"CSC 315, CSC 350, CSC 448, CSC 425",3,1,CSC 360,CSC 471,CSC 445
405397,Junior,"CSC 360, CSC 320, CSC 425, CSC 470, CSC 448",3,2,CSC 325,CSC 471,CSC 307
559791,Senior,"CSC 315, CSC 380, CSC 315, CSC 450, CSC 470, CSC 415",1,0,CSC 425,N/A,CSC 345
664195,First year student,"CSC 320, CSC 315",8,0,N/A,CSC 325,CSC 350
162980,First year student,"CSC 355, CSC 355",7,1,CSC 345,CSC 325,CSC 435
313848,Sophomore,"CSC 380, CSC 345",5,2,CSC 471,CSC 350,CSC 427
558024,Senior,"CSC 320, CSC 320, CSC 470, CSC 448, CSC 425",2,1,CSC 307,CSC 355,CSC 426
807721,First year student,"CSC 345, CSC 350",7,2,CSC 471,CSC 360,CSC 427
113456,Senior,"CSC 360, CSC 325, CSC 470, CSC 470, CSC 415, CSC 470",1,0,CSC 448,CSC 350,CSC 471
795059,Junior,"CSC 380, CSC 355, CSC 350, CSC 470, CSC 445, CSC 415",4,2,CSC 471,CSC 360,CSC 345
829871,Junior,"CSC 355, CSC 360, CSC 435, CSC 450, CSC 426",3,1,CSC 350,CSC 427,CSC 415
621370,Senior,"CSC 360, CSC 320, CSC 425, CSC 470, CSC 448",1,2,CSC 435,CSC 355,CSC 415
788542,Junior,"CSC 360, CSC 360, CSC 425, CSC 470, CSC 470",3,0,CSC 426,CSC 325,N/A
476330,Senior,"CSC 355, CSC 315, CSC 315, CSC 426, CSC 471, CSC 426",2,2,CSC 450,CSC 425,CSC 307
825858,First year student,"CSC 380, CSC 335",8,2,CSC 448,CSC 427,CSC 325
145611,Senior,"CSC 360, CSC 360, CSC 425, CSC 470, CSC 470",1,2,CSC 350,CSC 325,CSC 335
601438,Junior,"CSC 315, CSC 335, CSC 471, CSC 450",4,1,CSC 345,CSC 426,CSC 307
383301,First year student,"CSC 380, CSC 335",7,1,CSC 450,CSC 448,CSC 325
697424,Junior,"CSC 355, CSC 355, CSC 355, CSC 415, CSC 471",4,0,CSC 320,CSC 350,CSC 427
364776,Junior,"CSC 307, CSC 360, CSC 450, CSC 450",4,2,CSC 426,CSC 471,CSC 435
813074,Senior,"CSC 320, CSC 350, CSC 380, CSC 350, CSC 471, CSC 415, CSC 425, CSC 471",1,0,CSC 470,N/A,CSC 307
417821,First year student,"CSC 345, CSC 315",7,2,CSC 355,CSC 470,CSC 445
309483,First year student,"CSC 345, CSC 315",8,0,CSC 320,CSC 471,N/A
524342,Sophomore,"CSC 320, CSC 450",6,2,CSC 315,CSC 345,CSC 435
663303,Sophomore,"CSC 320, CSC 445, CSC 415",5,2,N/A,CSC 315,CSC 448
629835,Sophomore,"CSC 320, CSC 470",6,2,CSC 345,CSC 448,CSC 325
134125,Junior,"CSC 360, CSC 315, CSC 470, CSC 448, CSC 445",3,0,CSC 427,CSC 345,CSC 320
542850,First year student,"CSC 380, CSC 307",8,2,CSC 350,CSC 471,CSC 435
947491,Junior,"CSC 307, CSC 360, CSC 450, CSC 450",3,0,CSC 427,CSC 335,CSC 445
216115,Senior,"CSC 320, CSC 325, CSC 315, CSC 320, CSC 450, CSC 445, CSC 427, CSC 427",2,1,CSC 355,CSC 448,CSC 345
349406,Sophomore,"CSC 307, CSC 415, CSC 425",6,1,CSC 427,CSC 450,CSC 426
783050,Senior,"CSC 320, CSC 345, CSC 470, CSC 448, CSC 425, CSC 415",2,2,CSC 427,CSC 350,CSC 335
387253,Senior,"CSC 320, CSC 350, CSC 448, CSC 415, CSC 448, CSC 448",2,1,N/A,CSC 360,CSC 450
359853,Sophomore,"CSC 320, CSC 448",5,0,N/A,CSC 350,CSC 335
361448,Senior,"CSC 360, CSC 350, CSC 350, CSC 320, CSC 426, CSC 415, CSC 427, CSC 470",1,2,CSC 445,CSC 450,CSC 325
516859,Senior,"CSC 315, CSC 380, CSC 470, CSC 448, CSC 415, CSC 426",1,2,CSC 335,CSC 360,CSC 427
887772,Sophomore,"CSC 307, CSC 427, CSC 471",6,1,N/A,CSC 445,CSC 335
375184,Senior,"CSC 307, CSC 335, CSC 320, CSC 307, CSC 415, CSC 450, CSC 435",2,0,N/A,N/A,N/A
371555,Sophomore,"CSC 320, CSC 470",5,0,CSC 448,CSC 350,CSC 425
235162,Senior,"CSC 320, CSC 320, CSC 470, CSC 448, CSC 425",1,2,CSC 345,CSC 355,CSC 427
802025,Sophomore,"CSC 307, CSC 345",5,0,CSC 471,CSC 355,CSC 315
259976,Sophomore,"CSC 355, CSC 360",5,1,CSC 307,CSC 335,CSC 350
811567,Senior,"CSC 355, CSC 360, CSC 435, CSC 450, CSC 426",1,0,CSC 425,CSC 380,N/A
523019,Senior,"CSC 350, CSC 307, CSC 325, CSC 355, CSC 470, CSC 445, CSC 435",2,2,CSC 315,CSC 450,CSC 320
543207,Senior,"CSC 320, CSC 350, CSC 360, CSC 307, CSC 426, CSC 471, CSC 426, CSC 415",2,1,CSC 427,CSC 355,CSC 335
215029,Sophomore,"CSC 307, CSC 345",5,0,N/A,CSC 425,CSC 448
599938,Sophomore,"CSC 335, CSC 325, CSC 435",5,2,CSC 355,CSC 360,CSC 470
595874,Sophomore,"CSC 380, CSC 307",6,0,CSC 435,CSC 426,CSC 425
622498,Sophomore,"CSC 315, CSC 426",5,2,CSC 448,CSC 320,CSC 471
610683,Junior,"CSC 320, CSC 345, CSC 360, CSC 415, CSC 471, CSC 448",3,1,CSC 450,CSC 426,N/A
782682,First year student,"CSC 325, CSC 315",8,2,CSC 307,N/A,CSC 450
208752,Sophomore,"CSC 355, CSC 445",5,1,CSC 320,CSC 427,CSC 335
652898,Junior,"CSC 325, CSC 380, CSC 435, CSC 415, CSC 425",4,1,CSC 345,CSC 350,CSC 335
401760,First year student,"CSC 307, CSC 345",8,1,CSC 350,CSC 320,CSC 415
295865,Junior,"CSC 325, CSC 345, CSC 427, CSC 450",4,1,CSC 415,N/A,CSC 320
556803,First year student,"CSC 380, CSC 345",7,1,CSC 335,CSC 320,CSC 450
170842,Senior,"CSC 380, CSC 307, CSC 450, CSC 470, CSC 448, CSC 415",1,2,CSC 320,CSC 426,CSC 315
128674,Junior,"CSC 350, CSC 335, CSC 315, CSC 426, CSC 450",3,1,N/A,CSC 448,CSC 307
657586,First year student,"CSC 380, CSC 307",7,2,CSC 355,CSC 445,CSC 471
919484,Sophomore,"CSC 320, CSC 426, CSC 470",5,2,CSC 335,CSC 355,CSC 425
584650,Sophomore,"CSC 307, CSC 445, CSC 435",6,1,CSC 325,CSC 335,CSC 345
335507,First year student,"CSC 355, CSC 355",8,2,N/A,CSC 360,CSC 315
773493,Junior,"CSC 350, CSC 320, CSC 415, CSC 471, CSC 470",3,2,CSC 425,N/A,CSC 325
446440,Junior,"CSC 335, CSC 380, CSC 307, CSC 415, CSC 470",4,0,CSC 450,CSC 445,N/A
493588,First year student,"CSC 320, CSC 325",7,1,N/A,CSC 355,CSC 427
749205,First year student,"CSC 320, CSC 325",7,2,CSC 307,CSC 470,CSC 426
545230,Sophomore,"CSC 380, CSC 307, CSC 470",6,0,CSC 325,CSC 415,CSC 435
333957,Sophomore,"CSC 380, CSC 355",6,0,CSC 335,CSC 445,CSC 448
816999,Junior,"CSC 315, CSC 360, CSC 427, CSC 448",3,2,CSC 345,CSC 415,CSC 425
212254,Junior,"CSC 335, CSC 315, CSC 320, CSC 415, CSC 427",4,0,CSC 426,CSC 425,N/A
748628,Sophomore,"CSC 380, CSC 307, CSC 470",5,1,CSC 426,CSC 445,CSC 425
762307,Sophomore,"CSC 355, CSC 320, CSC 427",5,0,CSC 360,CSC 426,CSC 425
190310,Senior,"CSC 380, CSC 307, CSC 450, CSC 470, CSC 448, CSC 415",2,1,CSC 360,CSC 325,CSC 426
425310,First year student,"CSC 307, CSC 345",8,2,CSC 450,CSC 350,CSC 360
336569,Junior,"CSC 325, CSC 325, CSC 325, CSC 445, CSC 470",4,0,CSC 307,CSC 427,CSC 315
356758,First year student,"CSC 307, CSC 345",7,1,CSC 350,CSC 448,CSC 471
803719,First year student,"CSC 325, CSC 325",8,2,CSC 471,CSC 350,CSC 335
133888,First year student,"CSC 320, CSC 360",8,2,CSC 350,CSC 380,CSC 470
712745,Sophomore,"CSC 307, CSC 450",6,0,CSC 426,CSC 315,CSC 445
192445,Sophomore,"CSC 307, CSC 315, CSC 470",6,1,CSC 350,CSC 425,CSC 415
389951,Sophomore,"CSC 380, CSC 307, CSC 470",5,1,CSC 426,CSC 427,CSC 315
889416,Senior,"CSC 355, CSC 380, CSC 315, CSC 450, CSC 426, CSC 445",1,2,CSC 325,CSC 335,N/A
290354,Sophomore,"CSC 380, CSC 355",5,2,CSC 448,CSC 360,CSC 427
982819,Senior,"CSC 350, CSC 307, CSC 320, CSC 355, CSC 415, CSC 427, CSC 450",1,2,CSC 448,CSC 315,CSC 345
869218,Sophomore,"CSC 355, CSC 427, CSC 415",6,2,CSC 425,CSC 345,CSC 435
193956,Junior,"CSC 320, CSC 380, CSC 335, CSC 445, CSC 450, CSC 415",3,2,CSC 307,CSC 471,CSC 427
518239,Senior,"CSC 360, CSC 307, CSC 360, CSC 307, CSC 426, CSC 450, CSC 470, CSC 471",2,0,CSC 445,CSC 325,CSC 380
489376,First year student,"CSC 325, CSC 325",8,2,CSC 470,CSC 435,CSC 415
731899,Junior,"CSC 325, CSC 325, CSC 470, CSC 445, CSC 470",3,2,CSC 415,CSC 435,CSC 471
959440,Junior,"CSC 355, CSC 307, CSC 435, CSC 450, CSC 448",4,0,CSC 325,CSC 427,CSC 335
133316,First year student,"CSC 325, CSC 325",8,0,CSC 426,CSC 345,CSC 450
847410,Senior,"CSC 350, CSC 320, CSC 415, CSC 471, CSC 470",2,2,CSC 380,CSC 335,CSC 450
734222,Junior,"CSC 380, CSC 355, CSC 350, CSC 470, CSC 445, CSC 415",3,0,CSC 450,CSC 426,CSC 307
957250,Junior,"CSC 315, CSC 380, CSC 325, CSC 426, CSC 415",3,0,CSC 471,N/A,CSC 470
651081,Senior,"CSC 360, CSC 350, CSC 350, CSC 320, CSC 426, CSC 415, CSC 427, CSC 470",1,0,CSC 345,CSC 445,CSC 307
729190,Junior,"CSC 307, CSC 345, CSC 450, CSC 426",4,0,CSC 445,CSC 355,CSC 471
548030,Junior,"CSC 307, CSC 360, CSC 450, CSC 450",3,2,N/A,CSC 325,CSC 355
315575,First year student,"CSC 355, CSC 325",7,1,CSC 335,CSC 450,CSC 320
385121,First year student,"CSC 355, CSC 325",7,0,CSC 470,CSC 427,CSC 335
559959,Junior,"CSC 307, CSC 345, CSC 450, CSC 426",4,0,CSC 445,CSC 320,CSC 325
487787,Senior,"CSC 325, CSC 325, CSC 470, CSC 445, CSC 470",1,1,CSC 448,N/A,CSC 450
921362,Senior,"CSC 360, CSC 380, CSC 450, CSC 415, CSC 425, CSC 445",1,0,CSC 435,CSC 325,N/A
788226,Junior,"CSC 355, CSC 307, CSC 470, CSC 470, CSC 445",3,2,CSC 380,CSC 425,CSC 427
189170,Senior,"CSC 320, CSC 350, CSC 335, CSC 315, CSC 445, CSC 435, CSC 435",2,1,CSC 355,CSC 470,CSC 425
444559,Sophomore,"CSC 315, CSC 427, CSC 425",5,0,CSC 335,CSC 415,CSC 470
738532,First year student,"CSC 345, CSC 350",7,1,CSC 445,CSC 425,CSC 325
477211,Junior,"CSC 320, CSC 320, CSC 448, CSC 426, CSC 425",4,1,CSC 315,CSC 325,CSC 427
630339,Junior,"CSC 355, CSC 355, CSC 355, CSC 415, CSC 471",3,0,CSC 315,N/A,CSC 380
518625,Junior,"CSC 380, CSC 335, CSC 335, CSC 426, CSC 415, CSC 470",4,1,CSC 425,CSC 448,CSC 450
313169,Sophomore,"CSC 325, CSC 350, CSC 470",5,0,CSC 425,CSC 427,CSC 320
650269,First year student,"CSC 380, CSC 355",7,0,CSC 360,CSC 445,CSC 307
684377,Junior,"CSC 320, CSC 380, CSC 450, CSC 448, CSC 448",4,1,N/A,N/A,CSC 427
199631,Senior,"CSC 320, CSC 320, CSC 470, CSC 448, CSC 425",1,0,CSC 445,CSC 471,CSC 335
556357,First year student,"CSC 320, CSC 325",7,2,CSC 450,N/A,CSC 415
132284,First year student,"CSC 355, CSC 360",8,0,CSC 307,CSC 426,CSC 335
703712,First year student,"CSC 345, CSC 350",8,1,CSC 415,CSC 335,CSC 445
206676,First year student,"CSC 320, CSC 315",8,2,CSC 355,CSC 415,CSC 360
228526,First year student,"CSC 355, CSC 360",7,2,CSC 470,N/A,CSC 320
704719,Sophomore,"CSC 355, CSC 448, CSC 426",5,0,CSC 445,CSC 325,CSC 307
170105,Junior,"CSC 355, CSC 380, CSC 325, CSC 435, CSC 415",4,1,CSC 426,CSC 320,CSC 360
955794,First year student,"CSC 345, CSC 315",7,1,CSC 435,CSC 425,CSC 320
483688,Sophomore,"CSC 345, CSC 355",6,0,CSC 307,CSC 315,CSC 350
425766,First year student,"CSC 320, CSC 315",8,1,CSC 415,CSC 426,CSC 355
202315,Senior,"CSC 360, CSC 320, CSC 425, CSC 470, CSC 448",2,1,CSC 325,CSC 415,CSC 445
516294,Senior,"CSC 350, CSC 360, CSC 320, CSC 380, CSC 415, CSC 426, CSC 426",2,1,CSC 355,CSC 470,CSC 345
872142,Junior,"CSC 355, CSC 360, CSC 435, CSC 450, CSC 426",4,1,CSC 380,CSC 315,CSC 325
504024,Senior,"CSC 320, CSC 380, CSC 450, CSC 448, CSC 448",2,0,CSC 427,CSC 350,CSC 325
439688,Sophomore,"CSC 315, CSC 445, CSC 471",5,2,CSC 325,CSC 448,CSC 360
316233,Sophomore,"CSC 335, CSC 435",5,0,CSC 448,CSC 470,CSC 355
500517,Sophomore,"CSC 380, CSC 435, CSC 470",6,1,CSC 320,CSC 325,CSC 450
540300,Sophomore,"CSC 307, CSC 450",6,1,CSC 380,CSC 448,CSC 335
509239,Sophomore,"CSC 325, CSC 426",6,2,CSC 315,CSC 470,CSC 345
685169,Sophomore,"CSC 320, CSC 470",5,2,CSC 445,CSC 450,CSC 415
254107,Junior,"CSC 360, CSC 320, CSC 425, CSC 470, CSC 448",3,2,CSC 445,CSC 426,CSC 427
608775,Senior,"CSC 380, CSC 350, CSC 448, CSC 470, CSC 426, CSC 450",1,0,CSC 320,CSC 435,N/A
409304,Sophomore,"CSC 345, CSC 355",6,2,CSC 380,CSC 335,CSC 448
496193,Senior,"CSC 355, CSC 335, CSC 380, CSC 450, CSC 445, CSC 415",1,2,CSC 448,CSC 435,CSC 425
297885,Junior,"CSC 325, CSC 355, CSC 315, CSC 448, CSC 425, CSC 426",3,0,CSC 471,CSC 427,CSC 360
975137,Senior,"CSC 307, CSC 335, CSC 320, CSC 307, CSC 415, CSC 450, CSC 435",2,0,N/A,CSC 355,CSC 427
572339,Senior,"CSC 360, CSC 325, CSC 307, CSC 380, CSC 415, CSC 445, CSC 427, CSC 470",2,0,CSC 450,CSC 350,CSC 435
466895,First year student,"CSC 355, CSC 325",8,0,CSC 350,CSC 426,CSC 380
334998,Senior,"CSC 335, CSC 307, CSC 427, CSC 415, CSC 427, CSC 415",1,1,CSC 345,CSC 360,CSC 320
548407,Sophomore,"CSC 355, CSC 445",5,0,CSC 335,CSC 315,CSC 425
924182,Senior,"CSC 345, CSC 380, CSC 307, CSC 320, CSC 426, CSC 448, CSC 427, CSC 450",2,0,CSC 355,CSC 325,CSC 425
263236,First year student,"CSC 345, CSC 315",7,1,CSC 350,CSC 425,CSC 335
589383,First year student,"CSC 335, CSC 325",8,1,CSC 445,CSC 415,CSC 427
461369,Sophomore,"CSC 307, CSC 315, CSC 470",5,0,CSC 360,N/A,CSC 415
499279,Junior,"CSC 315, CSC 335, CSC 427, CSC 425",3,1,N/A,CSC 471,CSC 320
199330,First year student,"CSC 355, CSC 335",8,2,CSC 426,CSC 427,CSC 425
527749,Junior,"CSC 345, CSC 315, CSC 345, CSC 470, CSC 448, CSC 470",3,1,CSC 450,CSC 325,CSC 335
725547,Senior,"CSC 335, CSC 345, CSC 471, CSC 426, CSC 448, CSC 435",1,2,CSC 427,CSC 380,CSC 325
906922,First year student,"CSC 307, CSC 345",7,0,CSC 360,CSC 448,CSC 380
882784,First year student,"CSC 345, CSC 350",8,2,CSC 320,CSC 415,CSC 355
456925,Sophomore,"CSC 380, CSC 307, CSC 470",5,1,CSC 448,CSC 427,CSC 360
932608,Sophomore,"CSC 320, CSC 445, CSC 415",5,2,CSC 470,CSC 450,CSC 345
701296,First year student,"CSC 350, CSC 345",8,0,CSC 325,CSC 335,CSC 320
343193,First year student,"CSC 345, CSC 315",7,2,CSC 307,CSC 415,CSC 426
254268,Senior,"CSC 320, CSC 335, CSC 350, CSC 325, CSC 427, CSC 471, CSC 435",2,2,CSC 415,CSC 470,N/A
970447,Senior,"CSC 360, CSC 380, CSC 470, CSC 448, CSC 471, CSC 448",1,0,CSC 350,CSC 450,CSC 435
685325,First year student,"CSC 320, CSC 360",8,0,CSC 471,CSC 315,CSC 325
115906,Junior,"CSC 380, CSC 320, CSC 325, CSC 448, CSC 445",3,0,CSC 435,CSC 355,CSC 335
706330,Sophomore,"CSC 315, CSC 426",6,1,CSC 325,CSC 320,CSC 427
812307,First year student,"CSC 355, CSC 360",8,2,CSC 350,CSC 425,CSC 415
615742,Senior,"CSC 360, CSC 325, CSC 307, CSC 380, CSC 415, CSC 445, CSC 427, CSC 470",1,1,CSC 448,CSC 435,CSC 345
508048,Senior,"CSC 320, CSC 350, CSC 448, CSC 415, CSC 435, CSC 427",2,0,CSC 325,CSC 471,CSC 315
524563,Senior,"CSC 380, CSC 350, CSC 448, CSC 470, CSC 426, CSC 450",2,0,CSC 315,CSC 345,CSC 355
311324,Sophomore,"CSC 355, CSC 426, CSC 415",6,1,CSC 471,N/A,CSC 325
769612,Junior,"CSC 350, CSC 355, CSC 427, CSC 426",3,1,CSC 360,CSC 380,N/A
922022,Sophomore,"CSC 335, CSC 345, CSC 471",5,2,CSC 435,CSC 320,CSC 445
438311,Sophomore,"CSC 325, CSC 307, CSC 415",5,1,N/A,CSC 427,CSC 380
263016,Sophomore,"CSC 360, CSC 320, CSC 415",6,1,CSC 425,CSC 380,CSC 426
682609,Senior,"CSC 307, CSC 380, CSC 315, CSC 470, CSC 470, CSC 415",2,1,CSC 426,CSC 427,CSC 350
614802,Senior,"CSC 307, CSC 320, CSC 345, CSC 320, CSC 445, CSC 435, CSC 471",2,1,CSC 325,CSC 470,CSC 427
469834,Sophomore,"CSC 325, CSC 325",5,1,CSC 471,CSC 345,CSC 307
652202,First year student,"CSC 307, CSC 345",8,1,CSC 350,CSC 315,CSC 445
637977,Senior,"CSC 335, CSC 355, CSC 315, CSC 450, CSC 448, CSC 435",1,1,CSC 415,CSC 360,N/A
146074,Sophomore,"CSC 355, CSC 427, CSC 471",5,0,CSC 315,CSC 325,CSC 445
373238,First year student,"CSC 355, CSC 325",7,2,CSC 470,CSC 307,CSC 427
129784,First year student,"CSC 325, CSC 325",8,2,CSC 445,CSC 470,CSC 426
441921,Senior,"CSC 320, CSC 360, CSC 335, CSC 360, CSC 445, CSC 426, CSC 425",1,0,CSC 325,CSC 471,CSC 415
583494,Junior,"CSC 345, CSC 345, CSC 345, CSC 427, CSC 415, CSC 448",4,0,CSC 320,CSC 307,CSC 445
964790,Junior,"CSC 345, CSC 355, CSC 350, CSC 426, CSC 448, CSC 448",4,0,N/A,CSC 335,CSC 445
174311,Sophomore,"CSC 335, CSC 320, CSC 470",5,2,CSC 427,CSC 448,CSC 315
371249,First year student,"CSC 355, CSC 355",8,0,CSC 360,CSC 307,CSC 380
601961,First year student,"CSC 355, CSC 355",7,1,CSC 345,N/A,CSC 360
269234,First year student,"CSC 380, CSC 355",7,1,CSC 307,CSC 350,CSC 335
200805,Junior,"CSC 315, CSC 360, CSC 426, CSC 415",4,0,CSC 325,CSC 320,CSC 435
874909,Senior,"CSC 335, CSC 355, CSC 427, CSC 448, CSC 445, CSC 470",1,0,CSC 415,N/A,CSC 350
311770,First year student,"CSC 355, CSC 360",8,2,CSC 415,CSC 350,CSC 425
420842,First year student,"CSC 345, CSC 350",8,0,CSC 471,CSC 450,CSC 435
137983,First year student,"CSC 307, CSC 345",8,1,CSC 425,CSC 325,CSC 435
278057,Junior,"CSC 325, CSC 345, CSC 350, CSC 426, CSC 426, CSC 470",4,0,CSC 471,CSC 435,CSC 307
856500,Senior,"CSC 355, CSC 335, CSC 380, CSC 450, CSC 445, CSC 415",2,1,CSC 325,CSC 471,N/A
974763,Sophomore,"CSC 350, CSC 345",6,0,CSC 450,CSC 425,CSC 335
861799,Senior,"CSC 355, CSC 315, CSC 450, CSC 471, CSC 450",2,1,CSC 445,CSC 435,CSC 448
818233,Senior,"CSC 350, CSC 335, CSC 345, CSC 315, CSC 427, CSC 448, CSC 448",1,2,CSC 307,CSC 426,CSC 425
500232,First year student,"CSC 325, CSC 325",7,1,CSC 425,CSC 445,CSC 470
687048,Sophomore,"CSC 315, CSC 445, CSC 445",6,0,CSC 335,CSC 320,CSC 355
990967,Junior,"CSC 320, CSC 320, CSC 426, CSC 471, CSC 470",3,1,CSC 335,CSC 448,CSC 325
185532,Senior,"CSC 355, CSC 315, CSC 450, CSC 471, CSC 450",1,2,CSC 448,CSC 415,CSC 435
583918,Sophomore,"CSC 307, CSC 450",6,2,N/A,CSC 345,CSC 425
617099,Sophomore,"CSC 325, CSC 350, CSC 470",5,2,CSC 445,CSC 426,CSC 307
983461,Senior,"CSC 335, CSC 315, CSC 427, CSC 426, CSC 435",2,0,CSC 355,CSC 350,CSC 307
201876,First year student,"CSC 345, CSC 315",7,0,CSC 360,CSC 425,CSC 380
408834,Senior,"CSC 350, CSC 380, CSC 435, CSC 450, CSC 448",1,1,CSC 415,CSC 335,CSC 345
923657,Junior,"CSC 360, CSC 320, CSC 427, CSC 450",4,1,N/A,CSC 335,CSC 380
891909,First year student,"CSC 325, CSC 380",8,0,CSC 350,CSC 355,CSC 445
310040,Senior,"CSC 350, CSC 307, CSC 320, CSC 355, CSC 415, CSC 427, CSC 450",2,0,CSC 426,CSC 380,CSC 448
142215,Junior,"CSC 325, CSC 380, CSC 315, CSC 427, CSC 426, CSC 415",4,2,CSC 307,CSC 445,CSC 355
165006,Sophomore,"CSC 350, CSC 345",5,0,CSC 450,CSC 471,CSC 307
476632,Senior,"CSC 360, CSC 307, CSC 360, CSC 307, CSC 426, CSC 450, CSC 470, CSC 471",2,0,CSC 380,CSC 335,CSC 320
623382,Sophomore,"CSC 355, CSC 355",6,0,CSC 425,CSC 307,CSC 325
190279,Senior,"CSC 335, CSC 360, CSC 325, CSC 425, CSC 425, CSC 427",2,2,N/A,CSC 426,CSC 471
345222,Senior,"CSC 360, CSC 307, CSC 471, CSC 470, CSC 448, CSC 445",1,0,CSC 315,CSC 426,CSC 450